vendor;nomor_kontainer;size;tanggal_awal;tanggal_akhir;tarif;adjustment;group;status
ZONA;BMOU2495277;20;2023-06-07;2023-07-06;675676;0;Z010;ongoing
ZONA;GESU2832175;20;2023-06-07;2023-07-06;675676;0;Z010;ongoing
ZONA;IRNU3633428;20;2023-06-07;2023-06-16;675676;0;Z010;ongoing
ZONA;MAEU6958040;20;2023-06-07;2023-06-16;675676;0;Z010;ongoing
ZONA;MSKU2158238;20;2023-06-07;2023-07-06;675676;0;Z010;ongoing
ZONA;MSKU3041950;20;2023-06-07;2023-06-17;675676;0;Z010;ongoing
ZONA;ZONA9900023;20;2023-06-07;2023-07-06;675676;0;Z010;ongoing
ZONA;CCLU2644067;20;2023-06-08;2023-07-07;675676;0;Z010;ongoing
ZONA;FCIU2922510;20;2023-06-08;2023-06-17;675676;0;Z010;ongoing
ZONA;BMOU2495277;20;2023-07-07;2023-08-06;675676;-22523;Z010;ongoing
ZONA;GESU2832175;20;2023-07-07;2023-08-06;675676;-22523;Z010;ongoing
ZONA;MSKU2158238;20;2023-07-07;2023-08-06;675676;-22523;Z010;ongoing
ZONA;ZONA9900023;20;2023-07-07;2023-07-11;675676;-22523;Z010;ongoing
ZONA;CCLU2644067;20;2023-07-08;2023-08-06;675676;0;Z010;ongoing
ZONA;GESU4838932;40;2023-11-22;2023-12-15;1261261;0;Z12;ongoing
ZONA;INKU2537304;40;2023-11-22;2023-12-01;1261261;0;Z12;ongoing
ZONA;NYKU5620235;40;2023-11-22;2023-12-16;1261261;0;Z12;ongoing
ZONA;TDRU5419898;40;2023-11-22;2023-12-13;1261261;-378378;Z12;ongoing
ZONA;TEMU6334206;40;2023-11-22;2023-12-13;1261261;-378378;Z12;ongoing
ZONA;TDRU6124340;40;2024-01-16;2024-02-15;1261261;0;Z09;ongoing
ZONA;TDRU6124340;40;2024-02-16;2024-03-15;1261261;0;Z09;ongoing
ZONA;TDRU6124340;40;2024-03-16;2024-04-15;1261261;-378378;Z09;ongoing
ZONA;TDRU6124340;40;2024-04-16;2024-05-15;1261261;0;Z09;ongoing
ZONA;TDRU6124340;40;2024-05-16;2024-06-15;1261261;0;Z09;ongoing
ZONA;TDRU6124340;40;2024-06-16;2024-07-15;1261261;0;Z09;ongoing
ZONA;TDRU6124340;40;2024-07-16;2024-08-15;1261261;0;Z09;ongoing
ZONA;TDRU6124340;40;2024-08-16;2024-09-15;1261261;0;Z09;ongoing
ZONA;TDRU6124340;40;2024-09-16;2024-10-15;1261261;0;Z09;ongoing
ZONA;TDRU6124340;40;2024-10-16;2024-11-15;1261261;0;Z09;ongoing
ZONA;TDRU6124340;40;2024-11-16;2024-12-03;1261261;0;Z09;ongoing
ZONA;EGHU9005182;40;2024-01-13;2024-02-12;1261261;0;Z16;ongoing
ZONA;NYKU5622053;40;2024-01-13;2024-02-12;1261261;0;Z16;ongoing
ZONA;MSCU9903797;40;2024-01-14;2024-02-13;1261261;0;Z16;ongoing
ZONA;VGCU2886097;40;2024-01-14;2024-02-13;1261261;0;Z16;ongoing
ZONA;EGHU9005182;40;2024-02-13;2024-03-12;1261261;0;Z16;ongoing
ZONA;NYKU5622053;40;2024-02-13;2024-03-12;1261261;0;Z16;ongoing
ZONA;MSCU9903797;40;2024-02-14;2024-03-13;1261261;0;Z16;ongoing
ZONA;VGCU2886097;40;2024-02-14;2024-03-13;1261261;0;Z16;ongoing
ZONA;EGHU9005182;40;2024-03-13;2024-04-12;1261261;-378378;Z16;ongoing
ZONA;NYKU5622053;40;2024-03-13;2024-04-12;1261261;-378378;Z16;ongoing
ZONA;MSCU9903797;40;2024-03-14;2024-04-13;1261261;-378378;Z16;ongoing
ZONA;VGCU2886097;40;2024-03-14;2024-04-13;1261261;-378378;Z16;ongoing
ZONA;EGHU9005182;40;2024-04-13;2024-05-12;1261261;0;Z16;ongoing
ZONA;NYKU5622053;40;2024-04-13;2024-04-24;1261261;42042;Z16;ongoing
ZONA;MSCU9903797;40;2024-04-14;2024-04-25;1261261;0;Z16;ongoing
ZONA;VGCU2886097;40;2024-04-14;2024-05-13;1261261;0;Z16;ongoing
ZONA;EGHU9005182;40;2024-05-13;2024-06-12;1261261;0;Z16;ongoing
ZONA;VGCU2886097;40;2024-05-14;2024-06-13;1261261;0;Z16;ongoing
ZONA;EGHU9005182;40;2024-06-13;2024-07-12;1261261;0;Z16;ongoing
ZONA;VGCU2886097;40;2024-06-14;2024-07-13;1261261;0;Z16;ongoing
ZONA;EGHU9005182;40;2024-07-13;2024-08-12;1261261;0;Z16;ongoing
ZONA;VGCU2886097;40;2024-07-14;2024-08-13;1261261;0;Z16;ongoing
ZONA;EGHU9005182;40;2024-08-13;2024-09-12;1261261;0;Z16;ongoing
ZONA;VGCU2886097;40;2024-08-14;2024-08-30;1261261;0;Z16;ongoing
ZONA;EGHU9005182;40;2024-09-13;2024-10-12;1261261;0;Z16;ongoing
ZONA;EGHU9005182;40;2024-10-13;2024-11-12;1261261;0;Z16;ongoing
ZONA;EGHU9005182;40;2024-11-13;2024-12-06;1261261;42042;Z16;ongoing
ZONA;AMFU8640522;40;2024-01-15;2024-02-14;1261261;0;Z17;ongoing
ZONA;EISU9153844;40;2024-01-15;2024-02-14;1261261;0;Z17;ongoing
ZONA;GESU4838932;40;2024-01-15;2024-02-14;1261261;0;Z17;ongoing
ZONA;REGU5043662;40;2024-01-15;2024-02-14;1261261;0;Z17;ongoing
ZONA;AMFU8640522;40;2024-02-15;2024-03-14;1261261;0;Z17;ongoing
ZONA;EISU9153844;40;2024-02-15;2024-03-14;1261261;0;Z17;ongoing
ZONA;GESU4838932;40;2024-02-15;2024-03-14;1261261;0;Z17;ongoing
ZONA;REGU5043662;40;2024-02-15;2024-03-14;1261261;0;Z17;ongoing
ZONA;AMFU8640522;40;2024-03-15;2024-04-14;1261261;-378378;Z17;ongoing
ZONA;EISU9153844;40;2024-03-15;2024-04-14;1261261;-378378;Z17;ongoing
ZONA;GESU4838932;40;2024-03-15;2024-04-14;1261261;-378378;Z17;ongoing
ZONA;REGU5043662;40;2024-03-15;2024-04-14;1261261;-378378;Z17;ongoing
ZONA;AMFU8640522;40;2024-04-15;2024-04-24;1261261;0;Z17;ongoing
ZONA;EISU9153844;40;2024-04-15;2024-04-20;1261261;0;Z17;ongoing
ZONA;GESU4838932;40;2024-04-15;2024-05-14;1261261;0;Z17;ongoing
ZONA;REGU5043662;40;2024-04-15;2024-05-14;1261261;0;Z17;ongoing
ZONA;GESU4838932;40;2024-05-15;2024-06-14;1261261;0;Z17;ongoing
ZONA;REGU5043662;40;2024-05-15;2024-06-14;1261261;0;Z17;ongoing
ZONA;GESU4838932;40;2024-06-15;2024-07-14;1261261;0;Z17;ongoing
ZONA;REGU5043662;40;2024-06-15;2024-07-14;1261261;0;Z17;ongoing
ZONA;GESU4838932;40;2024-07-15;2024-08-14;1261261;0;Z17;ongoing
ZONA;REGU5043662;40;2024-07-15;2024-08-14;1261261;0;Z17;ongoing
ZONA;GESU4838932;40;2024-08-15;2024-09-14;1261261;0;Z17;ongoing
ZONA;REGU5043662;40;2024-08-15;2024-09-14;1261261;0;Z17;ongoing
ZONA;GESU4838932;40;2024-09-15;2024-10-14;1261261;0;Z17;ongoing
ZONA;REGU5043662;40;2024-09-15;2024-10-14;1261261;0;Z17;ongoing
ZONA;GESU4838932;40;2024-10-15;2024-11-14;1261261;0;Z17;ongoing
ZONA;REGU5043662;40;2024-10-15;2024-11-14;1261261;0;Z17;ongoing
ZONA;GESU4838932;40;2024-11-15;2024-12-04;1261261;0;Z17;ongoing
ZONA;REGU5043662;40;2024-11-15;2024-12-14;1261261;0;Z17;ongoing
ZONA;REGU5043662;40;2024-12-15;2024-12-21;1261261;0;Z17;ongoing
ZONA;GESU4689335;40;2024-01-16;2024-02-15;1261261;0;Z18;ongoing
ZONA;GESU4735831;40;2024-01-16;2024-02-15;1261261;0;Z18;ongoing
ZONA;GESU4896815;40;2024-01-16;2024-02-15;1261261;0;Z18;ongoing
ZONA;PCIU9765813;40;2024-01-16;2024-02-15;1261261;0;Z18;ongoing
ZONA;GESU4689335;40;2024-02-16;2024-03-15;1261261;0;Z18;ongoing
ZONA;GESU4735831;40;2024-02-16;2024-03-15;1261261;0;Z18;ongoing
ZONA;GESU4896815;40;2024-02-16;2024-03-15;1261261;0;Z18;ongoing
ZONA;PCIU9765813;40;2024-02-16;2024-03-15;1261261;0;Z18;ongoing
ZONA;GESU4689335;40;2024-03-16;2024-04-15;1261261;-378378;Z18;ongoing
ZONA;GESU4735831;40;2024-03-16;2024-04-15;1261261;-378378;Z18;ongoing
ZONA;GESU4896815;40;2024-03-16;2024-04-15;1261261;-378378;Z18;ongoing
ZONA;PCIU9765813;40;2024-03-16;2024-04-15;1261261;-378378;Z18;ongoing
ZONA;GESU4689335;40;2024-04-16;2024-04-24;1261261;0;Z18;ongoing
ZONA;GESU4735831;40;2024-04-16;2024-05-15;1261261;0;Z18;ongoing
ZONA;GESU4896815;40;2024-04-16;2024-05-15;1261261;0;Z18;ongoing
ZONA;PCIU9765813;40;2024-04-16;2024-04-25;1261261;0;Z18;ongoing
ZONA;GESU4735831;40;2024-05-16;2024-06-15;1261261;0;Z18;ongoing
ZONA;GESU4896815;40;2024-05-16;2024-06-15;1261261;0;Z18;ongoing
ZONA;GESU4735831;40;2024-06-16;2024-07-15;1261261;0;Z18;ongoing
ZONA;GESU4896815;40;2024-06-16;2024-07-15;1261261;0;Z18;ongoing
ZONA;GESU4735831;40;2024-07-16;2024-08-15;1261261;0;Z18;ongoing
ZONA;GESU4896815;40;2024-07-16;2024-08-15;1261261;0;Z18;ongoing
ZONA;GESU4735831;40;2024-08-16;2024-09-15;1261261;0;Z18;ongoing
ZONA;GESU4896815;40;2024-08-16;2024-09-15;1261261;0;Z18;ongoing
ZONA;GESU4735831;40;2024-09-16;2024-10-15;1261261;0;Z18;ongoing
ZONA;GESU4896815;40;2024-09-16;2024-10-15;1261261;0;Z18;ongoing
ZONA;GESU4735831;40;2024-10-16;2024-11-15;1261261;0;Z18;ongoing
ZONA;GESU4896815;40;2024-10-16;2024-11-15;1261261;0;Z18;ongoing
ZONA;GESU4735831;40;2024-11-16;2024-12-03;1261261;0;Z18;ongoing
ZONA;GESU4896815;40;2024-11-16;2024-12-15;1261261;0;Z18;ongoing
ZONA;GESU4896815;40;2024-12-16;2024-12-20;1261261;0;Z18;ongoing
ZONA;YELU5789666;40;2024-01-18;2024-02-17;1261261;0;Z20;ongoing
ZONA;YELU5789666;40;2024-02-18;2024-03-17;1261261;0;Z20;ongoing
ZONA;YELU5789666;40;2024-03-18;2024-04-17;1261261;-378378;Z20;ongoing
ZONA;YELU5789666;40;2024-04-18;2024-05-17;1261261;0;Z20;ongoing
ZONA;YELU5789666;40;2024-05-18;2024-06-17;1261261;0;Z20;ongoing
ZONA;YELU5789666;40;2024-06-18;2024-07-17;1261261;0;Z20;ongoing
ZONA;YELU5789666;40;2024-07-18;2024-08-17;1261261;0;Z20;ongoing
ZONA;YELU5789666;40;2024-08-18;2024-09-17;1261261;0;Z20;ongoing
ZONA;YELU5789666;40;2024-09-18;2024-10-17;1261261;0;Z20;ongoing
ZONA;YELU5789666;40;2024-10-18;2024-11-17;1261261;0;Z20;ongoing
ZONA;YELU5789666;40;2024-11-18;2024-12-03;1261261;0;Z20;ongoing
ZONA;CCLU7032547;40;2024-03-08;2024-04-07;1261261;-378378;Z23;ongoing
ZONA;CMAU1034669;20;2024-03-08;2024-04-07;675676;0;Z23;ongoing
ZONA;CPSU1828517;20;2024-03-08;2024-04-07;675676;0;Z23;ongoing
ZONA;CRSU1468543;20;2024-03-08;2024-04-07;675676;0;Z23;ongoing
ZONA;CRXU3112086;20;2024-03-08;2024-04-07;675676;0;Z23;ongoing
ZONA;DFSU2061565;20;2024-03-08;2024-04-07;675676;0;Z23;ongoing
ZONA;FCIU2541302;20;2024-03-08;2024-04-07;675676;0;Z23;ongoing
ZONA;GESU1345130;20;2024-03-08;2024-04-07;675676;0;Z23;ongoing
ZONA;GESU1426103;20;2024-03-08;2024-04-07;675676;0;Z23;ongoing
ZONA;GESU5114504;40;2024-03-08;2024-04-07;1261261;-378378;Z23;ongoing
ZONA;TGHU2383781;20;2024-03-08;2024-04-07;675676;0;Z23;ongoing
ZONA;CCLU7032547;40;2024-04-08;2024-04-24;1261261;0;Z23;ongoing
ZONA;CMAU1034669;20;2024-04-08;2024-05-07;675676;0;Z23;ongoing
ZONA;CPSU1828517;20;2024-04-08;2024-05-07;675676;0;Z23;ongoing
ZONA;CRSU1468543;20;2024-04-08;2024-05-07;675676;0;Z23;ongoing
ZONA;CRXU3112086;20;2024-04-08;2024-04-20;675676;0;Z23;ongoing
ZONA;DFSU2061565;20;2024-04-08;2024-05-07;675676;0;Z23;ongoing
ZONA;FCIU2541302;20;2024-04-08;2024-05-07;675676;0;Z23;ongoing
ZONA;GESU1345130;20;2024-04-08;2024-05-07;675676;0;Z23;ongoing
ZONA;GESU1426103;20;2024-04-08;2024-05-07;675676;0;Z23;ongoing
ZONA;GESU5114504;40;2024-04-08;2024-05-07;1261261;0;Z23;ongoing
ZONA;TGHU2383781;20;2024-04-08;2024-05-07;675676;0;Z23;ongoing
ZONA;CMAU1034669;20;2024-05-08;2024-06-07;675676;0;Z23;ongoing
ZONA;CPSU1828517;20;2024-05-08;2024-06-07;675676;0;Z23;ongoing
ZONA;CRSU1468543;20;2024-05-08;2024-06-07;675676;0;Z23;ongoing
ZONA;DFSU2061565;20;2024-05-08;2024-06-07;675676;0;Z23;ongoing
ZONA;FCIU2541302;20;2024-05-08;2024-06-07;675676;0;Z23;ongoing
ZONA;GESU1345130;20;2024-05-08;2024-06-07;675676;0;Z23;ongoing
ZONA;GESU1426103;20;2024-05-08;2024-06-07;675676;0;Z23;ongoing
ZONA;GESU5114504;40;2024-05-08;2024-06-07;1261261;0;Z23;ongoing
ZONA;TGHU2383781;20;2024-05-08;2024-06-07;675676;0;Z23;ongoing
ZONA;CMAU1034669;20;2024-06-08;2024-07-07;675676;0;Z23;ongoing
ZONA;CPSU1828517;20;2024-06-08;2024-07-07;675676;0;Z23;ongoing
ZONA;CRSU1468543;20;2024-06-08;2024-07-07;675676;0;Z23;ongoing
ZONA;DFSU2061565;20;2024-06-08;2024-07-07;675676;0;Z23;ongoing
ZONA;FCIU2541302;20;2024-06-08;2024-07-07;675676;0;Z23;ongoing
ZONA;GESU1345130;20;2024-06-08;2024-07-07;675676;0;Z23;ongoing
ZONA;GESU1426103;20;2024-06-08;2024-07-02;675676;0;Z23;ongoing
ZONA;GESU5114504;40;2024-06-08;2024-07-07;1261261;0;Z23;ongoing
ZONA;TGHU2383781;20;2024-06-08;2024-07-02;675676;0;Z23;ongoing
ZONA;CMAU1034669;20;2024-07-08;2024-07-29;675676;0;Z23;ongoing
ZONA;CPSU1828517;20;2024-07-08;2024-07-28;675676;0;Z23;ongoing
ZONA;CRSU1468543;20;2024-07-08;2024-07-28;675676;0;Z23;ongoing
ZONA;DFSU2061565;20;2024-07-08;2024-07-18;675676;0;Z23;ongoing
ZONA;FCIU2541302;20;2024-07-08;2024-07-28;675676;0;Z23;ongoing
ZONA;GESU1345130;20;2024-07-08;2024-07-08;675676;0;Z23;ongoing
ZONA;GESU5114504;40;2024-07-08;2024-08-07;1261261;0;Z23;ongoing
ZONA;GESU5114504;40;2024-08-08;2024-09-07;1261261;0;Z23;ongoing
ZONA;GESU5114504;40;2024-09-08;2024-10-07;1261261;0;Z23;ongoing
ZONA;GESU5114504;40;2024-10-08;2024-11-07;1261261;0;Z23;ongoing
ZONA;GESU5114504;40;2024-11-08;2024-12-07;1261261;0;Z23;ongoing
ZONA;GESU5114504;40;2024-12-08;2025-01-07;1261261;0;Z23;ongoing
ZONA;GESU5114504;40;2025-01-08;2025-02-07;1261261;0;Z23;ongoing
ZONA;GESU5114504;40;2025-02-08;2025-03-07;1261261;0;Z23;ongoing
ZONA;GESU5114504;40;2025-03-08;2025-04-07;1261261;-294294;Z23;ongoing
ZONA;GESU5114504;40;2025-04-08;2025-05-07;1261261;0;Z23;ongoing
ZONA;GESU5114504;40;2025-05-08;2025-06-07;1261261;0;Z23;ongoing
ZONA;GESU5114504;40;2025-06-08;2025-07-07;1261261;0;Z23;ongoing
ZONA;GESU5114504;40;2025-07-08;2025-08-07;1261261;0;Z23;ongoing
ZONA;GESU5114504;40;2025-08-08;2025-09-07;1261261;0;Z23;ongoing
ZONA;GESU5114504;40;2025-09-08;2025-09-24;1261261;0;Z23;ongoing
ZONA;BMOU4192536;40;2024-07-10;2024-08-09;1261261;0;Z04;ongoing
ZONA;BMOU4393401;40;2024-07-10;2024-08-09;1261261;0;Z04;ongoing
ZONA;BMOU4192536;40;2024-08-10;2024-09-09;1261261;0;Z04;ongoing
ZONA;BMOU4393401;40;2024-08-10;2024-08-28;1261261;0;Z04;ongoing
ZONA;BMOU4192536;40;2024-09-10;2024-10-09;1261261;0;Z04;ongoing
ZONA;BMOU4192536;40;2024-10-10;2024-11-09;1261261;0;Z04;ongoing
ZONA;BMOU4192536;40;2024-11-10;2024-12-09;1261261;0;Z04;ongoing
ZONA;BMOU4192536;40;2024-12-10;2025-01-09;1261261;0;Z04;ongoing
ZONA;BMOU4192536;40;2025-01-10;2025-02-09;1261261;0;Z04;ongoing
ZONA;BMOU4192536;40;2025-02-10;2025-03-09;1261261;0;Z04;ongoing
ZONA;BMOU4192536;40;2025-03-10;2025-04-09;1261261;-294294;Z04;ongoing
ZONA;BMOU4192536;40;2025-04-10;2025-05-09;1261261;0;Z04;ongoing
ZONA;BMOU4192536;40;2025-05-10;2025-06-09;1261261;0;Z04;ongoing
ZONA;BMOU4192536;40;2025-06-10;2025-07-09;1261261;0;Z04;ongoing
ZONA;BMOU4192536;40;2025-07-10;2025-08-09;1261261;0;Z04;ongoing
ZONA;BMOU4192536;40;2025-08-10;2025-09-09;1261261;0;Z04;ongoing
ZONA;BMOU4192536;40;2025-09-10;2025-09-24;1261261;0;Z04;ongoing
ZONA;MSKU4555445;40;2024-07-14;2024-08-13;1261261;0;Z06;ongoing
ZONA;TEXU5531307;40;2024-07-14;2024-08-13;1261261;0;Z06;ongoing
ZONA;MSKU4555445;40;2024-08-14;2024-09-13;1261261;0;Z06;ongoing
ZONA;TEXU5531307;40;2024-08-14;2024-09-13;1261261;0;Z06;ongoing
ZONA;MSKU4555445;40;2024-09-14;2024-10-13;1261261;0;Z06;ongoing
ZONA;TEXU5531307;40;2024-09-14;2024-10-13;1261261;0;Z06;ongoing
ZONA;MSKU4555445;40;2024-10-14;2024-11-13;1261261;0;Z06;ongoing
ZONA;TEXU5531307;40;2024-10-14;2024-11-13;1261261;0;Z06;ongoing
ZONA;MSKU4555445;40;2024-11-14;2024-12-13;1261261;0;Z06;ongoing
ZONA;TEXU5531307;40;2024-11-14;2024-12-13;1261261;0;Z06;ongoing
ZONA;MSKU4555445;40;2024-12-14;2025-01-13;1261261;0;Z06;ongoing
ZONA;TEXU5531307;40;2024-12-14;2024-12-20;1261261;42042;Z06;ongoing
ZONA;MSKU4555445;40;2025-01-14;2025-02-13;1261261;0;Z06;ongoing
ZONA;MSKU4555445;40;2025-02-14;2025-03-13;1261261;0;Z06;ongoing
ZONA;MSKU4555445;40;2025-03-14;2025-04-13;1261261;-294294;Z06;ongoing
ZONA;MSKU4555445;40;2025-04-14;2025-05-13;1261261;0;Z06;ongoing
ZONA;MSKU4555445;40;2025-05-14;2025-06-13;1261261;0;Z06;ongoing
ZONA;MSKU4555445;40;2025-06-14;2025-07-13;1261261;0;Z06;ongoing
ZONA;MSKU4555445;40;2025-07-14;2025-08-13;1261261;0;Z06;ongoing
ZONA;MSKU4555445;40;2025-08-14;2025-09-13;1261261;0;Z06;ongoing
ZONA;MSKU4555445;40;2025-09-14;2025-09-24;1261261;0;Z06;ongoing
ZONA;INKU6744298;40;2024-08-05;2024-09-04;1261261;0;Z01;ongoing
ZONA;INKU6744298;40;2024-09-05;2024-10-04;1261261;0;Z01;ongoing
ZONA;INKU6744298;40;2024-10-05;2024-11-04;1261261;0;Z01;ongoing
ZONA;INKU6744298;40;2024-11-05;2024-12-04;1261261;0;Z01;ongoing
ZONA;INKU6744298;40;2024-12-05;2024-12-24;1261261;0;Z01;ongoing
ZONA;MSCU7085120;40;2024-08-06;2024-09-05;1261261;0;Z02;ongoing
ZONA;TEXU7210230;40;2024-08-06;2024-09-05;1261261;0;Z02;ongoing
ZONA;XXXU9902224;40;2024-08-06;2024-09-05;1261261;0;Z02;ongoing
ZONA;MSCU7085120;40;2024-09-06;2024-10-05;1261261;0;Z02;ongoing
ZONA;TEXU7210230;40;2024-09-06;2024-10-05;1261261;0;Z02;ongoing
ZONA;XXXU9902224;40;2024-09-06;2024-10-05;1261261;0;Z02;ongoing
ZONA;MSCU7085120;40;2024-10-06;2024-11-05;1261261;0;Z02;ongoing
ZONA;TEXU7210230;40;2024-10-06;2024-11-05;1261261;0;Z02;ongoing
ZONA;XXXU9902224;40;2024-10-06;2024-11-05;1261261;0;Z02;ongoing
ZONA;MSCU7085120;40;2024-11-06;2024-12-05;1261261;0;Z02;ongoing
ZONA;TEXU7210230;40;2024-11-06;2024-12-05;1261261;0;Z02;ongoing
ZONA;XXXU9902224;40;2024-11-06;2024-12-05;1261261;0;Z02;ongoing
ZONA;MSCU7085120;40;2024-12-06;2024-12-10;1261261;0;Z02;ongoing
ZONA;TEXU7210230;40;2024-12-06;2025-01-05;1261261;0;Z02;ongoing
ZONA;XXXU9902224;40;2024-12-06;2025-01-04;1261261;0;Z02;ongoing
ZONA;TEXU7210230;40;2025-01-06;2025-02-05;1261261;0;Z02;ongoing
ZONA;TEXU7210230;40;2025-02-06;2025-03-05;1261261;0;Z02;ongoing
ZONA;TEXU7210230;40;2025-03-06;2025-04-05;1261261;-210210;Z02;ongoing
ZONA;TEXU7210230;40;2025-04-06;2025-05-05;1261261;-84084;Z02;ongoing
ZONA;TEXU7210230;40;2025-05-06;2025-06-05;1261261;0;Z02;ongoing
ZONA;TEXU7210230;40;2025-06-06;2025-07-05;1261261;0;Z02;ongoing
ZONA;TEXU7210230;40;2025-07-06;2025-07-25;1261261;42042;Z02;ongoing
ZONA;PCIU9765813;40;2024-07-08;2024-08-07;1261261;0;Z15;ongoing
ZONA;TGHU9508962;40;2024-07-09;2024-08-08;1261261;0;Z15;ongoing
ZONA;NYKU5515880;40;2024-07-10;2024-08-09;1261261;0;Z15;ongoing
ZONA;PONU7225703;40;2024-07-09;2024-08-08;1261261;0;Z15;ongoing
ZONA;PCIU9765813;40;2024-08-08;2024-09-07;1261261;0;Z15;ongoing
ZONA;TGHU9508962;40;2024-08-09;2024-09-08;1261261;0;Z15;ongoing
ZONA;NYKU5515880;40;2024-08-10;2024-09-09;1261261;0;Z15;ongoing
ZONA;PONU7225703;40;2024-08-10;2024-09-09;1261261;0;Z15;ongoing
ZONA;PCIU9765813;40;2024-09-08;2024-10-07;1261261;0;Z15;ongoing
ZONA;TGHU9508962;40;2024-09-09;2024-10-08;1261261;0;Z15;ongoing
ZONA;NYKU5515880;40;2024-09-10;2024-10-09;1261261;0;Z15;ongoing
ZONA;PONU7225703;40;2024-09-10;2024-10-09;1261261;0;Z15;ongoing
ZONA;PCIU9765813;40;2024-10-08;2024-11-07;1261261;0;Z15;ongoing
ZONA;TGHU9508962;40;2024-10-09;2024-11-08;1261261;0;Z15;ongoing
ZONA;NYKU5515880;40;2024-10-10;2024-11-09;1261261;0;Z15;ongoing
ZONA;PONU7225703;40;2024-10-10;2024-11-09;1261261;0;Z15;ongoing
ZONA;PCIU9765813;40;2024-11-08;2024-12-05;1261261;0;Z15;ongoing
ZONA;TGHU9508962;40;2024-11-09;2024-12-09;1261261;0;Z15;ongoing
ZONA;NYKU5515880;40;2024-11-10;2024-12-09;1261261;0;Z15;ongoing
ZONA;PONU7225703;40;2024-11-09;2024-12-03;1261261;0;Z15;ongoing
ZONA;DNAU2622206;20;2025-01-11;2025-02-10;675676;0;Z27;ongoing
ZONA;DNAU2622206;20;2025-02-11;2025-03-10;675676;0;Z27;ongoing
ZONA;DNAU2622206;20;2025-03-11;2025-04-07;675676;-360361;Z27;ongoing
ZONA;EMSU9871692;40;2025-01-07;2025-02-06;1261261;0;Z43;ongoing
ZONA;EMSU9871692;40;2025-02-07;2025-03-06;1261261;0;Z43;ongoing
ZONA;EMSU9871692;40;2025-03-07;2025-04-06;1261261;-252252;Z43;ongoing
ZONA;EMSU9871692;40;2025-04-07;2025-05-06;1261261;-294294;Z43;ongoing
ZONA;EMSU9871692;40;2025-05-07;2025-06-06;1261261;0;Z43;ongoing
ZONA;EMSU9871692;40;2025-06-07;2025-07-06;1261261;0;Z43;ongoing
ZONA;EMSU9871692;40;2025-07-07;2025-07-23;1261261;0;Z43;ongoing
ZONA;APZU3960241;20;2025-01-21;2025-02-20;675676;0;Z53;ongoing
ZONA;CBHU4034438;20;2025-01-21;2025-02-20;675676;0;Z53;ongoing
ZONA;CLHU3586854;20;2025-01-21;2025-02-20;675676;0;Z53;ongoing
ZONA;CXDU1108921;20;2025-01-21;2025-02-20;675676;0;Z53;ongoing
ZONA;CXDU1212730;20;2025-01-21;2025-02-20;675676;0;Z53;ongoing
ZONA;DFSU2296934;20;2025-01-21;2025-02-20;675676;0;Z53;ongoing
ZONA;GATU1019864;20;2025-01-21;2025-02-20;675676;0;Z53;ongoing
ZONA;GESU1386736;20;2025-01-21;2025-02-20;675676;0;Z53;ongoing
ZONA;GESU1449670;20;2025-01-21;2025-02-20;675676;0;Z53;ongoing
ZONA;HALU3509311;20;2025-01-21;2025-02-20;675676;0;Z53;ongoing
ZONA;ILSU2019602;20;2025-01-21;2025-02-20;675676;0;Z53;ongoing
ZONA;MSCU3213686;20;2025-01-21;2025-02-20;675676;0;Z53;ongoing
ZONA;TEMU2353770;20;2025-01-21;2025-02-20;675676;0;Z53;ongoing
ZONA;TGHU1246275;20;2025-01-21;2025-02-20;675676;0;Z53;ongoing
ZONA;TGHU3222626;20;2025-01-21;2025-02-20;675676;0;Z53;ongoing
ZONA;APZU3960241;20;2025-02-21;2025-03-20;675676;0;Z53;ongoing
ZONA;CBHU4034438;20;2025-02-21;2025-03-20;675676;0;Z53;ongoing
ZONA;CLHU3586854;20;2025-02-21;2025-03-20;675676;0;Z53;ongoing
ZONA;CXDU1108921;20;2025-02-21;2025-03-20;675676;0;Z53;ongoing
ZONA;CXDU1212730;20;2025-02-21;2025-03-20;675676;0;Z53;ongoing
ZONA;DFSU2296934;20;2025-02-21;2025-03-20;675676;0;Z53;ongoing
ZONA;GATU1019864;20;2025-02-21;2025-03-20;675676;0;Z53;ongoing
ZONA;GESU1386736;20;2025-02-21;2025-03-20;675676;0;Z53;ongoing
ZONA;GESU1449670;20;2025-02-21;2025-03-20;675676;0;Z53;ongoing
ZONA;HALU3509311;20;2025-02-21;2025-03-20;675676;0;Z53;ongoing
ZONA;ILSU2019602;20;2025-02-21;2025-03-20;675676;0;Z53;ongoing
ZONA;MSCU3213686;20;2025-02-21;2025-03-20;675676;0;Z53;ongoing
ZONA;TEMU2353770;20;2025-02-21;2025-03-20;675676;0;Z53;ongoing
ZONA;TGHU1246275;20;2025-02-21;2025-03-20;675676;0;Z53;ongoing
ZONA;TGHU3222626;20;2025-02-21;2025-03-20;675676;0;Z53;ongoing
ZONA;APZU3960241;20;2025-03-21;2025-04-20;675676;-337838;Z53;ongoing
ZONA;CBHU4034438;20;2025-03-21;2025-04-20;675676;-337838;Z53;ongoing
ZONA;CLHU3586854;20;2025-03-21;2025-04-07;675676;-360361;Z53;ongoing
ZONA;CXDU1108921;20;2025-03-21;2025-04-08;675676;-360361;Z53;ongoing
ZONA;CXDU1212730;20;2025-03-21;2025-04-20;675676;-337838;Z53;ongoing
ZONA;DFSU2296934;20;2025-03-21;2025-04-07;675676;-360361;Z53;ongoing
ZONA;GATU1019864;20;2025-03-21;2025-04-20;675676;-337838;Z53;ongoing
ZONA;GESU1386736;20;2025-03-21;2025-04-20;675676;-337838;Z53;ongoing
ZONA;GESU1449670;20;2025-03-21;2025-04-07;675676;-360361;Z53;ongoing
ZONA;HALU3509311;20;2025-03-21;2025-04-20;675676;-337838;Z53;ongoing
ZONA;ILSU2019602;20;2025-03-21;2025-04-07;675676;-360361;Z53;ongoing
ZONA;MSCU3213686;20;2025-03-21;2025-04-08;675676;-360361;Z53;ongoing
ZONA;TEMU2353770;20;2025-03-21;2025-04-07;675676;-360361;Z53;ongoing
ZONA;TGHU1246275;20;2025-03-21;2025-04-20;675676;-337838;Z53;ongoing
ZONA;TGHU3222626;20;2025-03-21;2025-04-08;675676;-360361;Z53;ongoing
ZONA;APZU3960241;20;2025-04-21;2025-05-20;675676;0;Z53;ongoing
ZONA;CBHU4034438;20;2025-04-21;2025-05-20;675676;0;Z53;ongoing
ZONA;CXDU1212730;20;2025-04-21;2025-05-20;675676;0;Z53;ongoing
ZONA;GATU1019864;20;2025-04-21;2025-05-20;675676;0;Z53;ongoing
ZONA;GESU1386736;20;2025-04-21;2025-05-20;675676;0;Z53;ongoing
ZONA;HALU3509311;20;2025-04-21;2025-05-20;675676;0;Z53;ongoing
ZONA;TGHU1246275;20;2025-04-21;2025-05-20;675676;0;Z53;ongoing
ZONA;APZU3960241;20;2025-05-21;2025-05-25;675676;0;Z53;ongoing
ZONA;CBHU4034438;20;2025-05-21;2025-06-01;675676;0;Z53;ongoing
ZONA;CXDU1212730;20;2025-05-21;2025-06-18;675676;-22523;Z53;ongoing
ZONA;GATU1019864;20;2025-05-21;2025-06-17;675676;0;Z53;ongoing
ZONA;GESU1386736;20;2025-05-21;2025-06-04;675676;22523;Z53;ongoing
ZONA;HALU3509311;20;2025-05-21;2025-05-26;675676;0;Z53;ongoing
ZONA;TGHU1246275;20;2025-05-21;2025-06-13;675676;0;Z53;ongoing
ZONA;BMOU4013060;20;2025-01-22;2025-02-21;675676;0;Z52;ongoing
ZONA;BMOU4013585;20;2025-01-22;2025-02-21;675676;0;Z52;ongoing
ZONA;BMOU4153139;20;2025-01-22;2025-02-21;675676;0;Z52;ongoing
ZONA;BMOU4175420;20;2025-01-22;2025-02-21;675676;0;Z52;ongoing
ZONA;CCLU7119138;20;2025-01-22;2025-02-21;675676;0;Z52;ongoing
ZONA;CLHU3602235;20;2025-01-22;2025-02-21;675676;0;Z52;ongoing
ZONA;GESU3600488;20;2025-01-22;2025-02-21;675676;0;Z52;ongoing
ZONA;GLDU7252828;20;2025-01-22;2025-02-21;675676;0;Z52;ongoing
ZONA;MOTU0745549;20;2025-01-22;2025-02-21;675676;0;Z52;ongoing
ZONA;MOTU0745826;20;2025-01-22;2025-02-21;675676;0;Z52;ongoing
ZONA;PCIU9358763;20;2025-01-22;2025-02-21;675676;0;Z52;ongoing
ZONA;SCMU2082204;20;2025-01-22;2025-02-21;675676;0;Z52;ongoing
ZONA;SEGU1003148;20;2025-01-22;2025-02-21;675676;0;Z52;ongoing
ZONA;TEMU2666500;20;2025-01-22;2025-02-21;675676;0;Z52;ongoing
ZONA;WHLU0323766;20;2025-01-22;2025-02-21;675676;0;Z52;ongoing
ZONA;ZONA1910749;20;2025-01-22;2025-02-21;675676;0;Z52;ongoing
ZONA;ZONA2004243;20;2025-01-22;2025-02-21;675676;0;Z52;ongoing
ZONA;ZONA2807583;20;2025-01-22;2025-02-21;675676;0;Z52;ongoing
ZONA;ZONA2862339;20;2025-01-22;2025-02-21;675676;0;Z52;ongoing
ZONA;ZONA2875892;20;2025-01-22;2025-02-21;675676;0;Z52;ongoing
ZONA;ZONA5229290;20;2025-01-22;2025-02-21;675676;0;Z52;ongoing
ZONA;ZONA8075928;20;2025-01-22;2025-02-21;675676;0;Z52;ongoing
ZONA;ZONA9017621;20;2025-01-22;2025-02-21;675676;0;Z52;ongoing
ZONA;BMOU4013060;20;2025-02-22;2025-03-19;675676;0;Z52;ongoing
ZONA;BMOU4013585;20;2025-02-22;2025-03-07;675676;0;Z52;ongoing
ZONA;BMOU4153139;20;2025-02-22;2025-03-21;675676;0;Z52;ongoing
ZONA;BMOU4175420;20;2025-02-22;2025-03-21;675676;0;Z52;ongoing
ZONA;CCLU7119138;20;2025-02-22;2025-03-07;675676;0;Z52;ongoing
ZONA;CLHU3602235;20;2025-02-22;2025-03-21;675676;0;Z52;ongoing
ZONA;GESU3600488;20;2025-02-22;2025-03-21;675676;0;Z52;ongoing
ZONA;GLDU7252828;20;2025-02-22;2025-03-21;675676;0;Z52;ongoing
ZONA;MOTU0745549;20;2025-02-22;2025-03-21;675676;0;Z52;ongoing
ZONA;MOTU0745826;20;2025-02-22;2025-03-21;675676;0;Z52;ongoing
ZONA;PCIU9358763;20;2025-02-22;2025-03-21;675676;0;Z52;ongoing
ZONA;SCMU2082204;20;2025-02-22;2025-03-21;675676;0;Z52;ongoing
ZONA;SEGU1003148;20;2025-02-22;2025-03-21;675676;0;Z52;ongoing
ZONA;TEMU2666500;20;2025-02-22;2025-03-21;675676;0;Z52;ongoing
ZONA;WHLU0323766;20;2025-02-22;2025-03-21;675676;0;Z52;ongoing
ZONA;ZONA1910749;20;2025-02-22;2025-03-21;675676;0;Z52;ongoing
ZONA;ZONA2004243;20;2025-02-22;2025-03-21;675676;0;Z52;ongoing
ZONA;ZONA2807583;20;2025-02-22;2025-03-21;675676;0;Z52;ongoing
ZONA;ZONA2862339;20;2025-02-22;2025-03-21;675676;0;Z52;ongoing
ZONA;ZONA2875892;20;2025-02-22;2025-03-21;675676;0;Z52;ongoing
ZONA;ZONA5229290;20;2025-02-22;2025-03-21;675676;0;Z52;ongoing
ZONA;ZONA8075928;20;2025-02-22;2025-03-19;675676;0;Z52;ongoing
ZONA;ZONA9017621;20;2025-02-22;2025-03-21;675676;0;Z52;ongoing
ZONA;BMOU4153139;20;2025-03-22;2025-04-21;675676;-337838;Z52;ongoing
ZONA;BMOU4175420;20;2025-03-22;2025-04-07;675676;0;Z52;ongoing
ZONA;CLHU3602235;20;2025-03-22;2025-04-08;675676;-360361;Z52;ongoing
ZONA;GESU3600488;20;2025-03-22;2025-04-21;675676;-337838;Z52;ongoing
ZONA;GLDU7252828;20;2025-03-22;2025-04-07;675676;-360361;Z52;ongoing
ZONA;MOTU0745549;20;2025-03-22;2025-04-21;675676;-337838;Z52;ongoing
ZONA;MOTU0745826;20;2025-03-22;2025-04-07;675676;0;Z52;ongoing
ZONA;PCIU9358763;20;2025-03-22;2025-04-07;675676;-360361;Z52;ongoing
ZONA;SCMU2082204;20;2025-03-22;2025-04-21;675676;-337838;Z52;ongoing
ZONA;SEGU1003148;20;2025-03-22;2025-04-21;675676;-337838;Z52;ongoing
ZONA;TEMU2666500;20;2025-03-22;2025-04-21;675676;-337838;Z52;ongoing
ZONA;WHLU0323766;20;2025-03-22;2025-04-21;675676;-337838;Z52;ongoing
ZONA;ZONA1910749;20;2025-03-22;2025-04-07;675676;-360361;Z52;ongoing
ZONA;ZONA2004243;20;2025-03-22;2025-04-07;675676;-360361;Z52;ongoing
ZONA;ZONA2807583;20;2025-03-22;2025-04-08;675676;-360361;Z52;ongoing
ZONA;ZONA2862339;20;2025-03-22;2025-04-07;675676;-360361;Z52;ongoing
ZONA;ZONA2875892;20;2025-03-22;2025-04-08;675676;-360361;Z52;ongoing
ZONA;ZONA5229290;20;2025-03-22;2025-04-08;675676;0;Z52;ongoing
ZONA;ZONA9017621;20;2025-03-22;2025-04-21;675676;-337838;Z52;ongoing
ZONA;BMOU4153139;20;2025-04-22;2025-05-21;675676;0;Z52;ongoing
ZONA;GESU3600488;20;2025-04-22;2025-05-21;675676;0;Z52;ongoing
ZONA;MOTU0745549;20;2025-04-22;2025-05-06;675676;0;Z52;ongoing
ZONA;SCMU2082204;20;2025-04-22;2025-05-21;675676;0;Z52;ongoing
ZONA;SEGU1003148;20;2025-04-22;2025-05-21;675676;0;Z52;ongoing
ZONA;TEMU2666500;20;2025-04-22;2025-05-21;675676;0;Z52;ongoing
ZONA;WHLU0323766;20;2025-04-22;2025-05-21;675676;0;Z52;ongoing
ZONA;ZONA9017621;20;2025-04-22;2025-05-05;675676;0;Z52;ongoing
ZONA;BMOU4153139;20;2025-05-22;2025-05-23;675676;0;Z52;ongoing
ZONA;GESU3600488;20;2025-05-22;2025-06-01;675676;0;Z52;ongoing
ZONA;SCMU2082204;20;2025-05-22;2025-06-21;675676;0;Z52;ongoing
ZONA;SEGU1003148;20;2025-05-22;2025-05-31;675676;0;Z52;ongoing
ZONA;TEMU2666500;20;2025-05-22;2025-05-26;675676;0;Z52;ongoing
ZONA;WHLU0323766;20;2025-05-22;2025-06-21;675676;0;Z52;ongoing
ZONA;SCMU2082204;20;2025-06-22;2025-07-05;675676;0;Z52;ongoing
ZONA;WHLU0323766;20;2025-06-22;2025-07-07;675676;0;Z52;ongoing
ZONA;BMOU2474612;20;2025-01-23;2025-02-22;675676;0;Z51;ongoing
ZONA;BSIU2946381;20;2025-01-23;2025-02-22;675676;0;Z51;ongoing
ZONA;CAIU3184330;20;2025-01-23;2025-02-22;675676;0;Z51;ongoing
ZONA;CBHU5841917;20;2025-01-23;2025-02-22;675676;0;Z51;ongoing
ZONA;EGSU3109943;20;2025-01-23;2025-02-22;675676;0;Z51;ongoing
ZONA;EISU2194517;20;2025-01-23;2025-02-22;675676;0;Z51;ongoing
ZONA;EISU2254616;20;2025-01-23;2025-02-22;675676;0;Z51;ongoing
ZONA;EISU3944703;20;2025-01-23;2025-02-22;675676;0;Z51;ongoing
ZONA;EMCU6006826;20;2025-01-23;2025-02-22;675676;0;Z51;ongoing
ZONA;EMCU6009872;20;2025-01-23;2025-02-22;675676;0;Z51;ongoing
ZONA;EMCU6045503;20;2025-01-23;2025-02-22;675676;0;Z51;ongoing
ZONA;EMCU6063235;20;2025-01-23;2025-02-22;675676;0;Z51;ongoing
ZONA;UGMU8580456;20;2025-01-23;2025-02-22;675676;0;Z51;ongoing
ZONA;WFHU1240962;20;2025-01-23;2025-02-22;675676;0;Z51;ongoing
ZONA;WHLU0215910;20;2025-01-23;2025-02-22;675676;0;Z51;ongoing
ZONA;WHLU0268015;20;2025-01-23;2025-02-22;675676;0;Z51;ongoing
ZONA;WHLU0273177;20;2025-01-23;2025-02-22;675676;0;Z51;ongoing
ZONA;WHLU0300903;20;2025-01-23;2025-02-22;675676;0;Z51;ongoing
ZONA;WHLU0319684;20;2025-01-23;2025-02-22;675676;0;Z51;ongoing
ZONA;WHLU0321315;20;2025-01-23;2025-02-22;675676;0;Z51;ongoing
ZONA;WHLU0322899;20;2025-01-23;2025-02-22;675676;0;Z51;ongoing
ZONA;WHLU0330050;20;2025-01-23;2025-02-22;675676;0;Z51;ongoing
ZONA;WHLU0343593;20;2025-01-23;2025-02-22;675676;0;Z51;ongoing
ZONA;WHLU0352189;20;2025-01-23;2025-02-22;675676;0;Z51;ongoing
ZONA;WHLU0359120;20;2025-01-23;2025-02-22;675676;0;Z51;ongoing
ZONA;BMOU2474612;20;2025-02-23;2025-03-22;675676;0;Z51;ongoing
ZONA;BSIU2946381;20;2025-02-23;2025-03-22;675676;0;Z51;ongoing
ZONA;CAIU3184330;20;2025-02-23;2025-03-22;675676;0;Z51;ongoing
ZONA;CBHU5841917;20;2025-02-23;2025-03-22;675676;0;Z51;ongoing
ZONA;EGSU3109943;20;2025-02-23;2025-03-22;675676;0;Z51;ongoing
ZONA;EISU2194517;20;2025-02-23;2025-03-22;675676;0;Z51;ongoing
ZONA;EISU2254616;20;2025-02-23;2025-03-22;675676;0;Z51;ongoing
ZONA;EISU3944703;20;2025-02-23;2025-03-22;675676;0;Z51;ongoing
ZONA;EMCU6006826;20;2025-02-23;2025-03-22;675676;0;Z51;ongoing
ZONA;EMCU6009872;20;2025-02-23;2025-03-22;675676;0;Z51;ongoing
ZONA;EMCU6045503;20;2025-02-23;2025-03-22;675676;0;Z51;ongoing
ZONA;EMCU6063235;20;2025-02-23;2025-03-22;675676;0;Z51;ongoing
ZONA;UGMU8580456;20;2025-02-23;2025-03-22;675676;0;Z51;ongoing
ZONA;WFHU1240962;20;2025-02-23;2025-03-22;675676;0;Z51;ongoing
ZONA;WHLU0215910;20;2025-02-23;2025-03-22;675676;0;Z51;ongoing
ZONA;WHLU0268015;20;2025-02-23;2025-03-22;675676;0;Z51;ongoing
ZONA;WHLU0273177;20;2025-02-23;2025-03-22;675676;0;Z51;ongoing
ZONA;WHLU0300903;20;2025-02-23;2025-03-22;675676;0;Z51;ongoing
ZONA;WHLU0319684;20;2025-02-23;2025-03-22;675676;0;Z51;ongoing
ZONA;WHLU0321315;20;2025-02-23;2025-03-22;675676;0;Z51;ongoing
ZONA;WHLU0322899;20;2025-02-23;2025-03-22;675676;0;Z51;ongoing
ZONA;WHLU0330050;20;2025-02-23;2025-03-22;675676;0;Z51;ongoing
ZONA;WHLU0343593;20;2025-02-23;2025-03-22;675676;0;Z51;ongoing
ZONA;WHLU0352189;20;2025-02-23;2025-03-22;675676;0;Z51;ongoing
ZONA;WHLU0359120;20;2025-02-23;2025-03-22;675676;0;Z51;ongoing
ZONA;BMOU2474612;20;2025-03-23;2025-04-22;675676;-337838;Z51;ongoing
ZONA;BSIU2946381;20;2025-03-23;2025-04-22;675676;-337838;Z51;ongoing
ZONA;CAIU3184330;20;2025-03-23;2025-04-22;675676;-337838;Z51;ongoing
ZONA;CBHU5841917;20;2025-03-23;2025-04-22;675676;-337838;Z51;ongoing
ZONA;EGSU3109943;20;2025-03-23;2025-04-22;675676;-337838;Z51;ongoing
ZONA;EISU2194517;20;2025-03-23;2025-04-22;675676;-337838;Z51;ongoing
ZONA;EISU2254616;20;2025-03-23;2025-04-22;675676;-337838;Z51;ongoing
ZONA;EISU3944703;20;2025-03-23;2025-04-22;675676;-337838;Z51;ongoing
ZONA;EMCU6006826;20;2025-03-23;2025-04-08;675676;-360361;Z51;ongoing
ZONA;EMCU6009872;20;2025-03-23;2025-04-08;675676;-360361;Z51;ongoing
ZONA;EMCU6045503;20;2025-03-23;2025-04-07;675676;0;Z51;ongoing
ZONA;EMCU6063235;20;2025-03-23;2025-04-22;675676;-337838;Z51;ongoing
ZONA;UGMU8580456;20;2025-03-23;2025-04-08;675676;-337838;Z51;ongoing
ZONA;WFHU1240962;20;2025-03-23;2025-04-22;675676;-337838;Z51;ongoing
ZONA;WHLU0215910;20;2025-03-23;2025-04-22;675676;-337838;Z51;ongoing
ZONA;WHLU0268015;20;2025-03-23;2025-04-22;675676;-337838;Z51;ongoing
ZONA;WHLU0273177;20;2025-03-23;2025-04-07;675676;0;Z51;ongoing
ZONA;WHLU0300903;20;2025-03-23;2025-04-22;675676;-337838;Z51;ongoing
ZONA;WHLU0319684;20;2025-03-23;2025-04-22;675676;-337838;Z51;ongoing
ZONA;WHLU0321315;20;2025-03-23;2025-04-22;675676;-337838;Z51;ongoing
ZONA;WHLU0322899;20;2025-03-23;2025-04-08;675676;-360361;Z51;ongoing
ZONA;WHLU0330050;20;2025-03-23;2025-04-07;675676;0;Z51;ongoing
ZONA;WHLU0343593;20;2025-03-23;2025-04-08;675676;-360361;Z51;ongoing
ZONA;WHLU0352189;20;2025-03-23;2025-04-22;675676;-337838;Z51;ongoing
ZONA;WHLU0359120;20;2025-03-23;2025-04-07;675676;0;Z51;ongoing
ZONA;BMOU2474612;20;2025-04-23;2025-05-22;675676;0;Z51;ongoing
ZONA;BSIU2946381;20;2025-04-23;2025-05-22;675676;0;Z51;ongoing
ZONA;CAIU3184330;20;2025-04-23;2025-05-22;675676;0;Z51;ongoing
ZONA;CBHU5841917;20;2025-04-23;2025-05-22;675676;0;Z51;ongoing
ZONA;EGSU3109943;20;2025-04-23;2025-05-22;675676;0;Z51;ongoing
ZONA;EISU2194517;20;2025-04-23;2025-05-22;675676;0;Z51;ongoing
ZONA;EISU2254616;20;2025-04-23;2025-05-22;675676;0;Z51;ongoing
ZONA;EISU3944703;20;2025-04-23;2025-05-22;675676;0;Z51;ongoing
ZONA;EMCU6063235;20;2025-04-23;2025-05-22;675676;0;Z51;ongoing
ZONA;WFHU1240962;20;2025-04-23;2025-05-22;675676;0;Z51;ongoing
ZONA;WHLU0215910;20;2025-04-23;2025-05-22;675676;0;Z51;ongoing
ZONA;WHLU0268015;20;2025-04-23;2025-05-22;675676;0;Z51;ongoing
ZONA;WHLU0300903;20;2025-04-23;2025-05-22;675676;0;Z51;ongoing
ZONA;WHLU0319684;20;2025-04-23;2025-05-22;675676;0;Z51;ongoing
ZONA;WHLU0321315;20;2025-04-23;2025-05-22;675676;0;Z51;ongoing
ZONA;WHLU0352189;20;2025-04-23;2025-05-22;675676;0;Z51;ongoing
ZONA;BMOU2474612;20;2025-05-23;2025-06-22;675676;0;Z51;ongoing
ZONA;BSIU2946381;20;2025-05-23;2025-06-22;675676;0;Z51;ongoing
ZONA;CAIU3184330;20;2025-05-23;2025-05-24;675676;0;Z51;ongoing
ZONA;CBHU5841917;20;2025-05-23;2025-05-24;675676;0;Z51;ongoing
ZONA;EGSU3109943;20;2025-05-23;2025-06-17;675676;0;Z51;ongoing
ZONA;EISU2194517;20;2025-05-23;2025-06-13;675676;0;Z51;ongoing
ZONA;EISU2254616;20;2025-05-23;2025-06-01;675676;0;Z51;ongoing
ZONA;EISU3944703;20;2025-05-23;2025-06-14;675676;0;Z51;ongoing
ZONA;EMCU6063235;20;2025-05-23;2025-06-14;675676;0;Z51;ongoing
ZONA;WFHU1240962;20;2025-05-23;2025-05-25;675676;0;Z51;ongoing
ZONA;WHLU0215910;20;2025-05-23;2025-06-22;675676;0;Z51;ongoing
ZONA;WHLU0268015;20;2025-05-23;2025-06-03;675676;0;Z51;ongoing
ZONA;WHLU0300903;20;2025-05-23;2025-06-21;675676;0;Z51;ongoing
ZONA;WHLU0319684;20;2025-05-23;2025-05-25;675676;0;Z51;ongoing
ZONA;WHLU0321315;20;2025-05-23;2025-06-01;675676;0;Z51;ongoing
ZONA;WHLU0352189;20;2025-05-23;2025-05-31;675676;0;Z51;ongoing
ZONA;BMOU2474612;20;2025-06-23;2025-07-02;675676;0;Z51;ongoing
ZONA;BSIU2946381;20;2025-06-23;2025-07-17;675676;0;Z51;ongoing
ZONA;WHLU0215910;20;2025-06-23;2025-07-07;675676;0;Z51;ongoing
ZONA;BMOU2383868;20;2025-01-24;2025-02-23;675676;0;Z25;ongoing
ZONA;BMOU2470200;20;2025-01-24;2025-02-23;675676;0;Z25;ongoing
ZONA;CAIU8171172;20;2025-01-24;2025-02-23;675676;0;Z25;ongoing
ZONA;EMCU6038844;20;2025-01-24;2025-02-23;675676;0;Z25;ongoing
ZONA;GVCU2190099;20;2025-01-24;2025-02-23;675676;0;Z25;ongoing
ZONA;HMCU3062032;20;2025-01-24;2025-02-23;675676;0;Z25;ongoing
ZONA;TGHU1518584;20;2025-01-24;2025-02-23;675676;0;Z25;ongoing
ZONA;TGHU3814501;20;2025-01-24;2025-02-23;675676;0;Z25;ongoing
ZONA;ZONA2207201;20;2025-01-24;2025-02-23;675676;0;Z25;ongoing
ZONA;ZONA2211855;20;2025-01-24;2025-02-23;675676;0;Z25;ongoing
ZONA;BMOU2383868;20;2025-02-24;2025-03-23;675676;0;Z25;ongoing
ZONA;BMOU2470200;20;2025-02-24;2025-03-23;675676;0;Z25;ongoing
ZONA;CAIU8171172;20;2025-02-24;2025-03-23;675676;0;Z25;ongoing
ZONA;EMCU6038844;20;2025-02-24;2025-03-23;675676;0;Z25;ongoing
ZONA;GVCU2190099;20;2025-02-24;2025-03-23;675676;0;Z25;ongoing
ZONA;HMCU3062032;20;2025-02-24;2025-03-23;675676;0;Z25;ongoing
ZONA;TGHU1518584;20;2025-02-24;2025-03-23;675676;0;Z25;ongoing
ZONA;TGHU3814501;20;2025-02-24;2025-03-23;675676;0;Z25;ongoing
ZONA;ZONA2207201;20;2025-02-24;2025-03-23;675676;0;Z25;ongoing
ZONA;ZONA2211855;20;2025-02-24;2025-03-23;675676;0;Z25;ongoing
ZONA;BMOU2383868;20;2025-03-24;2025-04-07;675676;0;Z25;ongoing
ZONA;BMOU2470200;20;2025-03-24;2025-04-08;675676;-337838;Z25;ongoing
ZONA;CAIU8171172;20;2025-03-24;2025-04-07;675676;0;Z25;ongoing
ZONA;EMCU6038844;20;2025-03-24;2025-04-23;675676;-337838;Z25;ongoing
ZONA;GVCU2190099;20;2025-03-24;2025-04-23;675676;-337838;Z25;ongoing
ZONA;HMCU3062032;20;2025-03-24;2025-04-08;675676;-337838;Z25;ongoing
ZONA;TGHU1518584;20;2025-03-24;2025-04-23;675676;-337838;Z25;ongoing
ZONA;TGHU3814501;20;2025-03-24;2025-04-08;675676;-337838;Z25;ongoing
ZONA;ZONA2207201;20;2025-03-24;2025-04-23;675676;-337838;Z25;ongoing
ZONA;ZONA2211855;20;2025-03-24;2025-04-07;675676;0;Z25;ongoing
ZONA;EMCU6038844;20;2025-04-24;2025-05-23;675676;0;Z25;ongoing
ZONA;GVCU2190099;20;2025-04-24;2025-05-23;675676;0;Z25;ongoing
ZONA;TGHU1518584;20;2025-04-24;2025-05-23;675676;0;Z25;ongoing
ZONA;ZONA2207201;20;2025-04-24;2025-05-20;675676;0;Z25;ongoing
ZONA;EMCU6038844;20;2025-05-24;2025-06-23;675676;0;Z25;ongoing
ZONA;GVCU2190099;20;2025-05-24;2025-06-23;675676;0;Z25;ongoing
ZONA;TGHU1518584;20;2025-05-24;2025-05-25;675676;0;Z25;ongoing
ZONA;EMCU6038844;20;2025-06-24;2025-07-21;675676;0;Z25;ongoing
ZONA;GVCU2190099;20;2025-06-24;2025-07-09;675676;0;Z25;ongoing
ZONA;ZONA2218192;20;2025-01-25;2025-02-24;675676;0;Z26;ongoing
ZONA;ZONA2938308;20;2025-01-25;2025-02-24;675676;0;Z26;ongoing
ZONA;ZONA6950241;20;2025-01-25;2025-02-24;675676;0;Z26;ongoing
ZONA;ZONA2218192;20;2025-02-25;2025-03-24;675676;0;Z26;ongoing
ZONA;ZONA2938308;20;2025-02-25;2025-03-24;675676;0;Z26;ongoing
ZONA;ZONA6950241;20;2025-02-25;2025-03-24;675676;0;Z26;ongoing
ZONA;ZONA2218192;20;2025-03-25;2025-04-24;675676;-337838;Z26;ongoing
ZONA;ZONA2938308;20;2025-03-25;2025-04-24;675676;-337838;Z26;ongoing
ZONA;ZONA2218192;20;2025-04-25;2025-05-23;675676;0;Z26;ongoing
ZONA;ZONA2938308;20;2025-04-25;2025-05-23;675676;0;Z26;ongoing
ZONA;ZONA2218192;20;2025-05-25;2025-05-25;675676;0;Z26;ongoing
ZONA;ECMU1819649;20;2025-02-13;2025-03-12;675676;0;Z24;ongoing
ZONA;OOLU1192163;20;2025-02-13;2025-03-12;675676;0;Z24;ongoing
ZONA;OOLU1585181;20;2025-02-13;2025-03-12;675676;0;Z24;ongoing
ZONA;ECMU1819649;20;2025-03-13;2025-04-12;675676;0;Z24;ongoing
ZONA;OOLU1192163;20;2025-03-13;2025-04-12;675676;0;Z24;ongoing
ZONA;OOLU1585181;20;2025-03-13;2025-04-12;675676;0;Z24;ongoing
ZONA;ECMU1819649;20;2025-04-13;2025-05-12;675676;0;Z24;ongoing
ZONA;OOLU1192163;20;2025-04-13;2025-05-12;675676;0;Z24;ongoing
ZONA;OOLU1585181;20;2025-04-13;2025-05-12;675676;0;Z24;ongoing
ZONA;ECMU1819649;20;2025-05-13;2025-06-12;675676;0;Z24;ongoing
ZONA;OOLU1192163;20;2025-05-13;2025-06-12;675676;0;Z24;ongoing
ZONA;OOLU1585181;20;2025-05-13;2025-06-04;675676;0;Z24;ongoing
ZONA;ECMU1819649;20;2025-06-13;2025-07-09;675676;0;Z24;ongoing
ZONA;OOLU1192163;20;2025-06-13;2025-06-20;675676;0;Z24;ongoing
ZONA;BPLU1210002;40;2025-02-20;2025-03-19;1261261;0;Z44;ongoing
ZONA;DFSU6225950;40;2025-02-20;2025-03-19;1261261;0;Z44;ongoing
ZONA;MEDU8269787;40;2025-02-20;2025-03-19;1261261;0;Z44;ongoing
ZONA;BPLU1210002;40;2025-03-20;2025-04-19;1261261;-294294;Z44;ongoing
ZONA;DFSU6225950;40;2025-03-20;2025-04-19;1261261;-294294;Z44;ongoing
ZONA;MEDU8269787;40;2025-03-20;2025-04-19;1261261;-294294;Z44;ongoing
ZONA;BPLU1210002;40;2025-04-20;2025-05-19;1261261;0;Z44;ongoing
ZONA;DFSU6225950;40;2025-04-20;2025-05-19;1261261;0;Z44;ongoing
ZONA;MEDU8269787;40;2025-04-20;2025-05-19;1261261;0;Z44;ongoing
ZONA;BPLU1210002;40;2025-05-20;2025-06-19;1261261;0;Z44;ongoing
ZONA;DFSU6225950;40;2025-05-20;2025-06-19;1261261;0;Z44;ongoing
ZONA;MEDU8269787;40;2025-05-20;2025-06-19;1261261;0;Z44;ongoing
ZONA;BPLU1210002;40;2025-06-20;2025-07-19;1261261;0;Z44;ongoing
ZONA;DFSU6225950;40;2025-06-20;2025-07-19;1261261;0;Z44;ongoing
ZONA;MEDU8269787;40;2025-06-20;2025-07-01;1261261;0;Z44;ongoing
ZONA;BPLU1210002;40;2025-07-20;2025-08-19;1261261;0;Z44;ongoing
ZONA;DFSU6225950;40;2025-07-20;2025-07-25;1261261;0;Z44;ongoing
ZONA;BPLU1210002;40;2025-08-20;2025-09-19;1261261;0;Z44;ongoing
ZONA;BPLU1210002;40;2025-09-20;2025-09-24;1261261;0;Z44;ongoing
ZONA;KKFU7120388;40;2025-02-21;2025-03-20;1261261;0;Z45;ongoing
ZONA;KKFU7120388;40;2025-03-21;2025-04-20;1261261;-294294;Z45;ongoing
ZONA;KKFU7120388;40;2025-04-21;2025-05-20;1261261;0;Z45;ongoing
ZONA;KKFU7120388;40;2025-05-21;2025-06-20;1261261;0;Z45;ongoing
ZONA;KKFU7120388;40;2025-06-21;2025-07-20;1261261;0;Z45;ongoing
ZONA;KKFU7120388;40;2025-07-21;2025-07-25;1261261;0;Z45;ongoing
ZONA;PKEU5033970;40;2025-02-22;2025-03-21;1261261;0;Z46;ongoing
ZONA;PKEU5033970;40;2025-03-22;2025-04-21;1261261;-294294;Z46;ongoing
ZONA;PKEU5033970;40;2025-04-22;2025-05-21;1261261;0;Z46;ongoing
ZONA;PKEU5033970;40;2025-05-22;2025-06-20;1261261;0;Z46;ongoing
ZONA;GESU5508370;40;2025-02-24;2025-03-23;1261261;0;Z47;ongoing
ZONA;MSCU9903797;40;2025-02-24;2025-03-23;1261261;0;Z47;ongoing
ZONA;GESU5508370;40;2025-03-24;2025-04-23;1261261;-294294;Z47;ongoing
ZONA;MSCU9903797;40;2025-03-24;2025-04-23;1261261;-294294;Z47;ongoing
ZONA;GESU5508370;40;2025-04-24;2025-05-23;1261261;0;Z47;ongoing
ZONA;MSCU9903797;40;2025-04-24;2025-05-23;1261261;0;Z47;ongoing
ZONA;GESU5508370;40;2025-05-24;2025-06-23;1261261;0;Z47;ongoing
ZONA;MSCU9903797;40;2025-05-24;2025-06-23;1261261;0;Z47;ongoing
ZONA;GESU5508370;40;2025-06-24;2025-07-23;1261261;0;Z47;ongoing
ZONA;MSCU9903797;40;2025-06-24;2025-07-01;1261261;0;Z47;ongoing
ZONA;GESU5508370;40;2025-07-24;2025-08-23;1261261;0;Z47;ongoing
ZONA;GESU5508370;40;2025-08-24;2025-09-23;1261261;0;Z47;ongoing
ZONA;GESU5508370;40;2025-09-24;2025-09-24;1261261;0;Z47;ongoing
ZONA;INKU6744298;40;2025-05-25;2025-06-23;1261261;0;Z48;ongoing
ZONA;CAXU9096769;40;2025-03-10;2025-04-09;1261261;-294294;Z50;ongoing
ZONA;CAXU9096769;40;2025-04-10;2025-05-09;1261261;0;Z50;ongoing
ZONA;CAXU9096769;40;2025-05-10;2025-06-09;1261261;0;Z50;ongoing
ZONA;CAXU9096769;40;2025-06-10;2025-06-25;1261261;0;Z50;ongoing
ZONA;FORU8416289;20;2025-03-11;2025-04-10;675676;-157658;Z30;ongoing
ZONA;FORU8480890;20;2025-03-11;2025-04-10;675676;-157658;Z30;ongoing
ZONA;IFLU2990380;20;2025-03-11;2025-04-10;675676;-157658;Z30;ongoing
ZONA;MSKU2218091;20;2025-03-11;2025-04-10;675676;-157658;Z30;ongoing
ZONA;TTNU3216943;20;2025-03-11;2025-04-10;675676;-157658;Z30;ongoing
ZONA;FORU8416289;20;2025-04-11;2025-05-10;675676;0;Z30;ongoing
ZONA;FORU8480890;20;2025-04-11;2025-05-10;675676;0;Z30;ongoing
ZONA;IFLU2990380;20;2025-04-11;2025-05-10;675676;0;Z30;ongoing
ZONA;MSKU2218091;20;2025-04-11;2025-05-10;675676;0;Z30;ongoing
ZONA;TTNU3216943;20;2025-04-11;2025-05-10;675676;0;Z30;ongoing
ZONA;FORU8416289;20;2025-05-11;2025-06-03;675676;0;Z30;ongoing
ZONA;FORU8480890;20;2025-05-11;2025-06-01;675676;0;Z30;ongoing
ZONA;IFLU2990380;20;2025-05-11;2025-05-24;675676;0;Z30;ongoing
ZONA;MSKU2218091;20;2025-05-11;2025-06-10;675676;0;Z30;ongoing
ZONA;TTNU3216943;20;2025-05-11;2025-06-03;675676;0;Z30;ongoing
ZONA;MSKU2218091;20;2025-06-11;2025-07-01;675676;0;Z30;ongoing
ZONA;BMOU4402838;40;2025-03-13;2025-04-12;1261261;-294294;Z32;ongoing
ZONA;GLDU7503878;40;2025-03-13;2025-04-12;1261261;-294294;Z32;ongoing
ZONA;BMOU4402838;40;2025-04-13;2025-05-12;1261261;0;Z32;ongoing
ZONA;GLDU7503878;40;2025-04-13;2025-05-12;1261261;0;Z32;ongoing
ZONA;BMOU4402838;40;2025-05-13;2025-06-12;1261261;0;Z32;ongoing
ZONA;GLDU7503878;40;2025-05-13;2025-06-12;1261261;0;Z32;ongoing
ZONA;BMOU4402838;40;2025-06-13;2025-07-12;1261261;0;Z32;ongoing
ZONA;GLDU7503878;40;2025-06-13;2025-07-12;1261261;0;Z32;ongoing
ZONA;BMOU4402838;40;2025-07-13;2025-07-24;1261261;0;Z32;ongoing
ZONA;GLDU7503878;40;2025-07-13;2025-08-12;1261261;0;Z32;ongoing
ZONA;GLDU7503878;40;2025-08-13;2025-09-12;1261261;0;Z32;ongoing
ZONA;GLDU7503878;40;2025-09-13;2025-09-24;1261261;0;Z32;ongoing
ZONA;CAXU8184119;40;2025-03-14;2025-04-13;1261261;-294294;Z33;ongoing
ZONA;UESU4688707;40;2025-03-14;2025-04-13;1261261;-294294;Z33;ongoing
ZONA;CAXU8184119;40;2025-04-14;2025-05-13;1261261;0;Z33;ongoing
ZONA;UESU4688707;40;2025-04-14;2025-05-13;1261261;0;Z33;ongoing
ZONA;CAXU8184119;40;2025-05-14;2025-06-13;1261261;0;Z33;ongoing
ZONA;UESU4688707;40;2025-05-14;2025-06-13;1261261;0;Z33;ongoing
ZONA;CAXU8184119;40;2025-06-14;2025-07-13;1261261;0;Z33;ongoing
ZONA;UESU4688707;40;2025-06-14;2025-07-13;1261261;0;Z33;ongoing
ZONA;CAXU8184119;40;2025-07-14;2025-07-23;1261261;0;Z33;ongoing
ZONA;UESU4688707;40;2025-07-14;2025-08-13;1261261;0;Z33;ongoing
ZONA;UESU4688707;40;2025-08-14;2025-09-13;1261261;0;Z33;ongoing
ZONA;UESU4688707;40;2025-09-14;2025-09-24;1261261;0;Z33;ongoing
ZONA;MEDU8384327;40;2025-03-16;2025-04-15;1261261;-294294;Z34;ongoing
ZONA;TGHU6130478;40;2025-03-16;2025-04-15;1261261;-294294;Z34;ongoing
ZONA;MEDU8384327;40;2025-04-16;2025-05-15;1261261;0;Z34;ongoing
ZONA;TGHU6130478;40;2025-04-16;2025-05-15;1261261;0;Z34;ongoing
ZONA;MEDU8384327;40;2025-05-16;2025-06-15;1261261;0;Z34;ongoing
ZONA;TGHU6130478;40;2025-05-16;2025-06-15;1261261;0;Z34;ongoing
ZONA;MEDU8384327;40;2025-06-16;2025-07-15;1261261;0;Z34;ongoing
ZONA;TGHU6130478;40;2025-06-16;2025-07-15;1261261;0;Z34;ongoing
ZONA;MEDU8384327;40;2025-07-16;2025-07-23;1261261;0;Z34;ongoing
ZONA;TGHU6130478;40;2025-07-16;2025-08-15;1261261;0;Z34;ongoing
ZONA;TGHU6130478;40;2025-08-16;2025-09-15;1261261;0;Z34;ongoing
ZONA;TGHU6130478;40;2025-09-16;2025-09-24;1261261;0;Z34;ongoing
ZONA;MEDU8246035;40;2025-03-18;2025-04-17;1261261;-294294;Z35;ongoing
ZONA;MEDU8246035;40;2025-04-18;2025-05-17;1261261;0;Z35;ongoing
ZONA;MEDU8246035;40;2025-05-18;2025-06-17;1261261;0;Z35;ongoing
ZONA;MEDU8246035;40;2025-06-18;2025-06-24;1261261;0;Z35;ongoing
ZONA;CCLU3996437;20;2025-03-19;2025-04-18;675676;-157658;Z36;ongoing
ZONA;TEMU2815815;20;2025-03-19;2025-04-18;675676;-157658;Z36;ongoing
ZONA;TGHU1845843;20;2025-03-19;2025-04-18;675676;-157658;Z36;ongoing
ZONA;CCLU3996437;20;2025-04-19;2025-05-18;675676;0;Z36;ongoing
ZONA;TEMU2815815;20;2025-04-19;2025-05-18;675676;0;Z36;ongoing
ZONA;TGHU1845843;20;2025-04-19;2025-05-18;675676;0;Z36;ongoing
ZONA;CCLU3996437;20;2025-05-19;2025-06-04;675676;0;Z36;ongoing
ZONA;TEMU2815815;20;2025-05-19;2025-06-01;675676;22523;Z36;ongoing
ZONA;TGHU1845843;20;2025-05-19;2025-06-07;675676;0;Z36;ongoing
